Domain_Category,YOD_Score
Independent,7.740115935827446
Other,5.784789692554681
Pro-government,7.201014744319462
